"WineNight","WineNumber","Winery","Name","Grape/Style","Year","Country","LocationDetail","Price"
"JA1",1,"Deinhard","Piesporter","Riesling",2006,"Germany",NA,NA
"JA1",2,"Hardys","Stamp of Australia","Riesling Gewurztraminer",2012,"Australia",NA,NA
"JA1",3,"Piesporter Treppechen",NA,"Riesling",2012,"Germany",NA,NA
"JA1",4,"Kungfu Girl",NA,"Riesling",2011,"USA","Washington",NA
"JA1",5,"Selbach",NA,"Riesling",2012,"Germany",NA,NA
"JA1",6,"Selbach","Dezemer Maximiner Klosterlay","Riesling Spatlese",2011,"Germany",NA,NA
"JA1",7,"Loosen Bros","Dr. L","Riesling",2012,"Germany",NA,NA
"JA1",8,"True Love",NA,"Riesling Rheinhessen",2011,"Germany",NA,NA
"JA1",9,"Penfolds","Thomas Hyland","Riesling",2008,"Australia","Adelaide",NA
"KR1",1,"Santa Cristina",NA,"Pinot Grigio",2012,"Italy","Sicily",NA
"KR1",2,"Santa Margherita","Valdadige","Pinot Grigio",2012,NA,NA,NA
"KR1",3,"Bolla",NA,"Pinot Grigio",2011,"Italy",NA,NA
"KR1",4,"Ogia",NA,"Pinot Grigio",2011,"Italy",NA,NA
"KR1",5,"Relax",NA,"Pinot Grigio",NA,NA,NA,NA
"KR1",6,"Skinny grape",NA,"Pinot Grigio",NA,NA,NA,NA
"KR1",7,"Beringer","Founders' Estate","Pinot Grigio",2012,"USA","California",NA
"KR1",8,"Masi","Masianco","Pinot Grigio",2011,NA,NA,NA
"MB2",1,"Lamarca",NA,NA,NA,NA,NA,NA
"MB2",2,"Cinzano",NA,NA,NA,NA,NA,NA
"MB2",3,"Pink","Yellowglen",NA,NA,NA,NA,NA
"MB2",4,"Blu Giovello",NA,NA,NA,NA,NA,NA
"MB2",5,"Valdobbiandene","Cantico",NA,NA,NA,NA,NA
"MB2",6,"Adami",NA,NA,NA,NA,NA,NA
"MB2",7,"Cupcake",NA,NA,NA,NA,NA,NA
"MB2",8,"Pink","Yellowglen",NA,NA,NA,NA,NA
"B1",1,"Mission Hill","Five Vineyards",NA,2011,"Canada",NA,NA
"B1",2,"Mission Hill","Five Vineyards",NA,2011,"Canada",NA,NA
"B1",3,"Frontera","Conchay Toro",NA,NA,"Chile",NA,NA
"B1",4,"Margaret River","Wonderwall","Semillon",2013,NA,NA,NA
"B1",5,"Bellaire",NA,NA,NA,NA,NA,NA
"B1",6,"Misiones D Rengo",NA,NA,2011,"Chile",NA,NA
"B1",7,"Robert Mondavi","Woodbridge",NA,2011,"USA","California",NA
"B1",8,"Awatere Marlborough","The People's Sauvignon Blanc",NA,2010,"New Zealand",NA,NA
"B1",9,"Stoneleigh",NA,NA,2012,"New Zealand",NA,NA
"KR2",1,"Bodacious Rose",NA,NA,NA,NA,NA,NA
"KR2",2,"Beringer",NA,"White Zinfandel",2014,NA,NA,NA
"KR2",3,"Melipal",NA,NA,2014,NA,NA,NA
"KR2",4,"Carlo Rossi",NA,NA,NA,"USA","California",NA
"KR2",5,"Bodacious Rose",NA,NA,NA,NA,NA,NA
"KR2",6,"Marques de Caceres",NA,NA,2014,NA,NA,NA
"KR2",7,"Mateus",NA,NA,NA,NA,NA,NA
"KR2",8,"Pasion",NA,NA,NA,NA,NA,NA
"KR2",9,"Mission Hill",NA,NA,NA,"Canada",NA,NA
"KR2",10,"Melipal",NA,NA,NA,NA,NA,NA
"KR2",11,"Montroso",NA,NA,NA,NA,NA,NA
"KR2",12,"Mission Hill",NA,NA,NA,"Canada",NA,NA
